"timestamp","hook_type","tool","filepath","status","message"
"2026-02-23 23:59:04","PreToolUse","Read","llms.txt","allowed","检查通过"
"2026-02-23 23:59:16","PreToolUse","Edit","test_sensitive.txt","allowed","检查通过"
"2026-02-24 00:01:21","PreToolUse","","","warning","未指定文件路径"
"2026-02-24 00:01:22","PostToolUse","","","skipped","未指定文件路径"
"2026-02-24 00:01:52","PreToolUse","","","warning","未指定文件路径"
"2026-02-24 00:01:53","PostToolUse","","","skipped","未指定文件路径"
"2026-02-24 00:02:15","PreToolUse","Unknown","","warning","未指定文件路径"
"2026-02-24 00:02:15","PostToolUse","Unknown","","skipped","未指定文件路径"
"2026-02-24 00:02:43","PreToolUse","Unknown","","warning","未指定文件路径"
"2026-02-24 00:02:43","PostToolUse","Unknown","","skipped","未指定文件路径"
"2026-02-24 00:02:51","PostToolUse","Unknown","","skipped","未指定文件路径"
"2026-02-24 00:02:59","PreToolUse","Unknown","","warning","未指定文件路径"
"2026-02-24 00:03:07","PreToolUse","Unknown","","warning","未指定文件路径"
"2026-02-24 00:03:08","PostToolUse","Unknown","","skipped","未指定文件路径"
"2026-02-24 00:03:25","PreToolUse","Unknown","","warning","未指定文件路径"
"2026-02-24 00:03:25","PostToolUse","Unknown","","skipped","未指定文件路径"
"2026-02-24 00:03:30","PreToolUse","Unknown","","warning","未指定文件路径"
"2026-02-24 00:03:31","PostToolUse","Unknown","","skipped","未指定文件路径"
"2026-02-24 00:03:38","PreToolUse","Write","test_data.csv","allowed","检查通过"
"2026-02-24 00:03:44","PostToolUse","Write","test_data.csv","analyzed","3 cols, 4 rows"
"2026-02-24 00:04:03","PreToolUse","Unknown","","warning","未指定文件路径"
"2026-02-24 00:04:20","PreToolUse","Unknown","","warning","未指定文件路径"
"2026-02-24 00:04:21","PostToolUse","Unknown","","skipped","未指定文件路径"
"2026-02-24 00:04:31","PreToolUse","Read","D:/GitHub/kongdd/hooks/hooks/pre_tool_use.R","allowed","检查通过"
"2026-02-24 00:04:44","PreToolUse","Read","D:/GitHub/kongdd/hooks/llms.txt","allowed","检查通过"
"2026-02-24 00:04:50","PreToolUse","Unknown","","warning","未指定文件路径"
"2026-02-24 00:04:50","PostToolUse","Unknown","","skipped","未指定文件路径"
"2026-02-24 00:05:04","PreToolUse","Unknown","","warning","未指定文件路径"
"2026-02-24 00:05:05","PostToolUse","Unknown","","skipped","未指定文件路径"
"2026-02-24 00:05:19","PreToolUse","Unknown","","warning","未指定文件路径"
"2026-02-24 00:05:19","PostToolUse","Unknown","","skipped","未指定文件路径"
"2026-02-24 00:08:10","PreToolUse","Unknown","","warning","未指定文件路径"
"2026-02-24 00:08:11","PostToolUse","Unknown","","skipped","未指定文件路径"
"2026-02-24 00:08:40","PreToolUse","Write","example_analysis.R","allowed","检查通过"
"2026-02-24 00:08:48","PostToolUse","Write","example_analysis.R","formatted","格式化完成"
"2026-02-24 00:10:29","PreToolUse","Unknown","","warning","未指定文件路径"
"2026-02-24 00:10:30","PostToolUse","Unknown","","skipped","未指定文件路径"
"2026-02-24 00:11:54","PreToolUse","Unknown","","warning","未指定文件路径"
"2026-02-24 00:11:55","PostToolUse","Unknown","","skipped","未指定文件路径"
"2026-02-24 00:12:17","PreToolUse","Unknown","","warning","未指定文件路径"
"2026-02-24 00:12:18","PostToolUse","Unknown","","skipped","未指定文件路径"
"2026-02-24 00:12:45","PreToolUse","Unknown","","warning","未指定文件路径"
"2026-02-24 00:12:46","PostToolUse","Unknown","","skipped","未指定文件路径"
"2026-02-24 00:13:10","PreToolUse","Unknown","","warning","未指定文件路径"
"2026-02-24 00:13:11","PostToolUse","Unknown","","skipped","未指定文件路径"
"2026-02-24 00:13:24","PreToolUse","Write","example_analysis.R","allowed","检查通过"
"2026-02-24 00:13:30","PostToolUse","Write","example_analysis.R","formatted","格式化完成"
"2026-02-24 00:15:25","PreToolUse","Unknown","","warning","未指定文件路径"
"2026-02-24 00:15:26","PostToolUse","Unknown","","skipped","未指定文件路径"
"2026-02-24 00:18:25","PreToolUse","Unknown","","warning","未指定文件路径"
"2026-02-24 00:18:26","PostToolUse","Unknown","","skipped","未指定文件路径"
"2026-02-24 00:18:37","PreToolUse","Unknown","","warning","未指定文件路径"
"2026-02-24 00:18:37","PostToolUse","Unknown","","skipped","未指定文件路径"
"2026-02-24 00:19:00","PreToolUse","Unknown","","warning","未指定文件路径"
"2026-02-24 00:19:01","PostToolUse","Unknown","","skipped","未指定文件路径"
"2026-02-24 00:19:16","PostToolUse","Write","example_analysis.R","formatted","格式化完成"
"2026-02-24 00:19:16","PostToolUse","Write","example_analysis.R","simplification","score: 100"
"2026-02-24 00:20:06","PreToolUse","Unknown","","warning","未指定文件路径"
"2026-02-24 00:20:07","PostToolUse","Unknown","","skipped","未指定文件路径"
"2026-02-24 00:20:41","PreToolUse","Unknown","","warning","未指定文件路径"
"2026-02-24 00:20:42","PostToolUse","Unknown","","skipped","未指定文件路径"
"2026-02-24 00:21:07","PreToolUse","Unknown","","warning","未指定文件路径"
"2026-02-24 00:21:08","PostToolUse","Unknown","","skipped","未指定文件路径"
"2026-02-24 00:21:21","PostToolUse","Write","example_analysis.R","formatted","格式化完成"
"2026-02-24 00:21:33","PreToolUse","Unknown","","warning","未指定文件路径"
"2026-02-24 00:21:34","PostToolUse","Unknown","","skipped","未指定文件路径"
"2026-02-24 00:21:45","PreToolUse","Unknown","","warning","未指定文件路径"
"2026-02-24 00:21:45","PostToolUse","Unknown","","skipped","未指定文件路径"
"2026-02-24 00:21:57","PreToolUse","Unknown","","warning","未指定文件路径"
"2026-02-24 00:21:58","PostToolUse","Unknown","","skipped","未指定文件路径"
"2026-02-24 00:23:00","PreToolUse","Unknown","","warning","未指定文件路径"
"2026-02-24 00:23:01","PostToolUse","Unknown","","skipped","未指定文件路径"
"2026-02-24 00:23:07","PreToolUse","Unknown","","warning","未指定文件路径"
"2026-02-24 00:23:07","PostToolUse","Unknown","","skipped","未指定文件路径"
"2026-02-24 00:24:38","PreToolUse","Unknown","","warning","未指定文件路径"
"2026-02-24 00:24:39","PostToolUse","Unknown","","skipped","未指定文件路径"
"2026-02-24 00:26:08","PreToolUse","Unknown","","warning","未指定文件路径"
"2026-02-24 00:26:09","PostToolUse","Unknown","","skipped","未指定文件路径"
"2026-02-24 00:29:50","PreToolUse","Unknown","","warning","未指定文件路径"
"2026-02-24 00:29:51","PostToolUse","Unknown","","skipped","未指定文件路径"
"2026-02-24 00:29:59","PreToolUse","Unknown","","warning","未指定文件路径"
"2026-02-24 00:30:00","PostToolUse","Unknown","","skipped","未指定文件路径"
"2026-02-24 00:34:01","PreToolUse","Unknown","","warning","未指定文件路径"
"2026-02-24 00:34:02","PostToolUse","Unknown","","skipped","未指定文件路径"
"2026-02-24 00:34:23","PreToolUse","Unknown","","warning","未指定文件路径"
"2026-02-24 00:34:23","PostToolUse","Unknown","","skipped","未指定文件路径"
"2026-02-24 00:34:31","PreToolUse","Unknown","","warning","未指定文件路径"
"2026-02-24 00:34:32","PostToolUse","Unknown","","skipped","未指定文件路径"
"2026-02-24 00:34:38","PreToolUse","Write","test.txt","allowed","新文件"
"2026-02-24 00:36:29","PreToolUse","Unknown","","warning","未指定文件路径"
"2026-02-24 00:36:30","PostToolUse","Unknown","","skipped","未指定文件路径"
"2026-02-24 00:36:39","PostToolUse","Write","messy_code.R","formatted","格式化完成"
"2026-02-24 00:38:02","PreToolUse","Unknown","","warning","未指定文件路径"
"2026-02-24 00:38:03","PostToolUse","Unknown","","skipped","未指定文件路径"
"2026-02-24 00:38:31","PreToolUse","Unknown","","warning","未指定文件路径"
"2026-02-24 00:38:32","PostToolUse","Unknown","","skipped","未指定文件路径"
"2026-02-24 00:39:04","PreToolUse","Unknown","","warning","未指定文件路径"
"2026-02-24 00:39:06","PostToolUse","Unknown","","skipped","未指定文件路径"
"2026-02-24 00:39:14","PostToolUse","Write","messy_code.R","formatted","格式化完成"
"2026-02-24 00:39:14","PostToolUse","Write","messy_code.R","simplification","score: 39, issues: 8"
"2026-02-24 00:41:51","PreToolUse","Unknown","","warning","未指定文件路径"
"2026-02-24 00:41:52","PostToolUse","Unknown","","skipped","未指定文件路径"
"2026-02-24 00:42:03","PostToolUse","Write","messy_code.R","formatted","格式化完成"
"2026-02-24 00:42:04","PostToolUse","Write","messy_code.R","simplification","score: 39, issues: 8"
"2026-02-24 00:45:53","PreToolUse","Unknown","","warning","未指定文件路径"
"2026-02-24 00:45:53","PostToolUse","Unknown","","skipped","未指定文件路径"
"2026-02-24 00:47:45","PreToolUse","Unknown","","warning","未指定文件路径"
"2026-02-24 00:47:46","PostToolUse","Unknown","","skipped","未指定文件路径"
"2026-02-24 00:52:33","PreToolUse","Unknown","","warning","未指定文件路径"
"2026-02-24 00:52:34","PostToolUse","Unknown","","skipped","未指定文件路径"
"2026-02-24 00:52:45","PreToolUse","Unknown","","warning","未指定文件路径"
"2026-02-24 00:52:46","PostToolUse","Unknown","","skipped","未指定文件路径"
"2026-02-24 00:52:49","PreToolUse","Unknown","","warning","未指定文件路径"
"2026-02-24 00:52:50","PostToolUse","Unknown","","skipped","未指定文件路径"
"2026-02-24 00:53:04","PreToolUse","Unknown","","warning","未指定文件路径"
"2026-02-24 00:53:05","PostToolUse","Unknown","","skipped","未指定文件路径"
"2026-02-24 00:54:13","PreToolUse","Unknown","","warning","未指定文件路径"
"2026-02-24 00:54:14","PostToolUse","Unknown","","skipped","未指定文件路径"
"2026-02-24 00:54:19","PreToolUse","Unknown","","warning","未指定文件路径"
"2026-02-24 00:54:21","PostToolUse","Unknown","","skipped","未指定文件路径"
"2026-02-24 00:54:31","PreToolUse","Unknown","","warning","未指定文件路径"
"2026-02-24 00:54:32","PreToolUse","Unknown","","warning","未指定文件路径"
"2026-02-24 00:54:32","PostToolUse","Unknown","","skipped","未指定文件路径"
"2026-02-24 00:54:33","PostToolUse","Unknown","","skipped","未指定文件路径"
"2026-02-24 00:54:42","PreToolUse","Unknown","","warning","未指定文件路径"
"2026-02-24 00:54:43","PostToolUse","Unknown","","skipped","未指定文件路径"
"2026-02-24 00:55:24","PreToolUse","Unknown","","warning","未指定文件路径"
"2026-02-24 00:55:25","PostToolUse","Unknown","","skipped","未指定文件路径"
"2026-02-24 01:02:05","PreToolUse","Unknown","","warning","未指定文件路径"
"2026-02-24 01:02:06","PostToolUse","Unknown","","skipped","未指定文件路径"
"2026-02-24 01:02:22","PreToolUse","Unknown","","warning","未指定文件路径"
"2026-02-24 01:02:23","PostToolUse","Unknown","","skipped","未指定文件路径"
"2026-02-24 09:53:41","PreToolUse","Unknown","","warning","未指定文件路径"
"2026-02-24 09:53:41","PostToolUse","Unknown","","skipped","未指定文件路径"
"2026-02-24 09:53:51","PreToolUse","Unknown","","warning","未指定文件路径"
"2026-02-24 09:53:53","PostToolUse","Unknown","","skipped","未指定文件路径"
"2026-02-24 09:54:04","PreToolUse","Unknown","","warning","未指定文件路径"
"2026-02-24 09:54:05","PostToolUse","Unknown","","skipped","未指定文件路径"
"2026-02-24 09:54:14","PreToolUse","Unknown","","warning","未指定文件路径"
"2026-02-24 09:54:15","PostToolUse","Unknown","","skipped","未指定文件路径"
"2026-02-24 09:54:19","PreToolUse","Unknown","","warning","未指定文件路径"
"2026-02-24 09:54:20","PostToolUse","Unknown","","skipped","未指定文件路径"
"2026-02-24 09:55:02","PreToolUse","Unknown","","warning","未指定文件路径"
"2026-02-24 09:55:03","PostToolUse","Unknown","","skipped","未指定文件路径"
"2026-02-24 09:55:13","PreToolUse","Unknown","","warning","未指定文件路径"
"2026-02-24 09:55:14","PostToolUse","Unknown","","skipped","未指定文件路径"
"2026-02-24 09:55:56","PreToolUse","Unknown","","warning","未指定文件路径"
"2026-02-24 09:55:57","PostToolUse","Unknown","","skipped","未指定文件路径"
"2026-02-24 09:56:25","PreToolUse","Unknown","","warning","未指定文件路径"
"2026-02-24 09:56:26","PostToolUse","Unknown","","skipped","未指定文件路径"
"2026-02-24 09:57:29","PreToolUse","Unknown","","warning","未指定文件路径"
"2026-02-24 09:57:29","PostToolUse","Unknown","","skipped","未指定文件路径"
